dimension,group,estimate,se,lcl,ucl,design_df,n_unweighted,weighted_n
age_group,18-39,0.6433585928824601,0.029523071768851113,0.5825546883788087,0.7041624973861115,25,616,19287187.064064
age_group,40-59,0.446821467647262,0.025621403358275036,0.39405319965525176,0.4995897356392722,25,1467,39868344.46139701
age_group,60+,0.26035061327104764,0.01571208187125798,0.22799097491317566,0.2927102516289196,25,2206,48653235.87527199
education,College graduate+,0.44104582996209885,0.021937279374479406,0.3958651573478388,0.4862265025763589,25,943,28057937.914181
education,Less than high school,0.38583101867069397,0.025282469265997448,0.3337607985085719,0.43790123883281606,25,823,12636340.171984
education,Some college/AA,0.383497488324849,0.016423114596856095,0.3496734506563384,0.41732152599335953,25,1395,34297765.818766996
education,High school/GED,0.37465547726316295,0.024801520243492397,0.323575790154799,0.4257351643715269,25,1098,32303577.889877997
poverty_ratio,>3.50,0.4072811425962724,0.02247172992705195,0.3609997484644489,0.45356253672809593,25,1196,43824565.648660995
poverty_ratio,<=1.30,0.39316155456828444,0.022432428453684986,0.3469611033360402,0.4393620058005287,25,1022,16908734.428695
poverty_ratio,1.31-3.50,0.3815504579033138,0.019664126488501688,0.34105143129402726,0.4220494845126004,25,1491,35144775.771311
race_ethnicity,Mexican American,0.5314861882789401,0.024094808561357886,0.48186200112561334,0.581110375432267,25,374,6273802.168652
race_ethnicity,Non-Hispanic Asian,0.4462150394530651,0.028511237244231862,0.3874950471618739,0.5049350317442564,25,436,5524956.936217999
race_ethnicity,Other/multiracial,0.4198268974798386,0.03859686590088114,0.34033516414152476,0.4993186308181524,25,201,4813631.231384
race_ethnicity,Other Hispanic,0.418481866736635,0.044963880537709736,0.32587702128782814,0.5110867121854419,25,391,7128803.433759
race_ethnicity,Non-Hispanic White,0.387720889880326,0.015457334104903981,0.3558859143684879,0.4195558653921641,25,1534,69637746.582576
race_ethnicity,Non-Hispanic Black,0.3524349605634476,0.020922701980057738,0.30934384920775093,0.39552607191914424,25,1353,14429827.048144002
sex,Men,0.4181974594459489,0.023122277262966638,0.3705762379954181,0.46581868089647965,25,2260,55901816.915386006
sex,Women,0.375894008759655,0.014216481485732357,0.34661461705528573,0.4051734004640243,25,2029,51906950.485346995
